{
	"info": {
		"_postman_id": "042a574a-3045-4620-8641-3acb99d6124d",
		"name": "TP2-Grupo1-Bar",
		"schema": "https://schema.getpostman.com/json/collection/v2.1.0/collection.json",
		"_exporter_id": "22654749"
	},
	"item": [
		{
			"name": "Reservas",
			"item": [
				{
					"name": "ActualizarReserva",
					"request": {
						"method": "PUT",
						"header": [],
						"body": {
							"mode": "raw",
							"raw": "{\r\n    \"nombre\": \"NombreNuevo\",\r\n    \"cantidad_personas\": 999,\r\n    \"telefono\": 66666,\r\n    \"email\":  \"xxxxx@gmail.com\",\r\n    \"fecha_reserva\": 1684016972287\r\n}",
							"options": {
								"raw": {
									"language": "json"
								}
							}
						},
						"url": {
							"raw": "http://localhost:8080/LaMixtureria/Reservas/:id",
							"protocol": "http",
							"host": [
								"localhost"
							],
							"port": "8080",
							"path": [
								"LaMixtureria",
								"Reservas",
								":id"
							],
							"variable": [
								{
									"key": "id",
									"value": "1"
								}
							]
						}
					},
					"response": []
				},
				{
					"name": "ObtenerReservaPorId",
					"request": {
						"method": "GET",
						"header": [],
						"url": {
							"raw": "http://localhost:8080/LaMixtureria/Reservas/:id",
							"protocol": "http",
							"host": [
								"localhost"
							],
							"port": "8080",
							"path": [
								"LaMixtureria",
								"Reservas",
								":id"
							],
							"variable": [
								{
									"key": "id",
									"value": "2"
								}
							]
						}
					},
					"response": []
				},
				{
					"name": "ObtenerReservas",
					"request": {
						"method": "GET",
						"header": [],
						"url": {
							"raw": "http://127.0.0.1:8080/LaMixtureria/Reservas",
							"protocol": "http",
							"host": [
								"127",
								"0",
								"0",
								"1"
							],
							"port": "8080",
							"path": [
								"LaMixtureria",
								"Reservas"
							]
						}
					},
					"response": []
				},
				{
					"name": "GuardarReserva",
					"request": {
						"method": "POST",
						"header": [],
						"body": {
							"mode": "raw",
							"raw": "{\r\n    \"nombre\": \"Veronica2\",\r\n    \"cantidad_personas\": 8,\r\n    \"telefono\": 1162756666,\r\n    \"email\":  \"vero2@gmail.com\",\r\n    \"fecha_reserva\": 1684016972287\r\n}",
							"options": {
								"raw": {
									"language": "json"
								}
							}
						},
						"url": {
							"raw": "http://localhost:8080/LaMixtureria/Reservas",
							"protocol": "http",
							"host": [
								"localhost"
							],
							"port": "8080",
							"path": [
								"LaMixtureria",
								"Reservas"
							]
						}
					},
					"response": []
				},
				{
					"name": "EliminarReserva",
					"request": {
						"method": "DELETE",
						"header": [],
						"url": {
							"raw": "http://localhost:8080/LaMixtureria/Reservas/:id",
							"protocol": "http",
							"host": [
								"localhost"
							],
							"port": "8080",
							"path": [
								"LaMixtureria",
								"Reservas",
								":id"
							],
							"variable": [
								{
									"key": "id",
									"value": "0"
								}
							]
						}
					},
					"response": []
				}
			]
		},
		{
			"name": "Tragos",
			"item": [
				{
					"name": "ObtenerTragos",
					"request": {
						"method": "GET",
						"header": [],
						"url": {
							"raw": "http://127.0.0.1:8080/LaMixtureria/Carta/Tragos",
							"protocol": "http",
							"host": [
								"127",
								"0",
								"0",
								"1"
							],
							"port": "8080",
							"path": [
								"LaMixtureria",
								"Carta",
								"Tragos"
							]
						}
					},
					"response": []
				}
			]
		}
	]
}